<Book><BookInfo><ID>-1727408535381</ID><Name><![CDATA[]]></Name><BookType>interact_book_hor</BookType><DeviceType>iphone_book</DeviceType><DeviceVersion>null</DeviceVersion><PlatformType>android_platform</PlatformType><Description><![CDATA[]]></Description><HomePageID>-1727423914726</HomePageID><StartPageTime><![CDATA[2]]></StartPageTime><IsLoadSnap>true</IsLoadSnap><IsLoadNavigation>true</IsLoadNavigation><BookFlipType>slider_flip</BookFlipType><BookNavType>threed_navigation_view</BookNavType><BookControllerType>book_view_type</BookControllerType><Proportion>false</Proportion><AndroidAdapterType>KEEPSIZE_SCALE</AndroidAdapterType><IsFree>true</IsFree><BackgroundMusicId>-1727409589213.mp3</BackgroundMusicId><BookMark><IsShowBookMark>false</IsShowBookMark><IsShowBookMarkLabel>true</IsShowBookMarkLabel><BookMarkLablePositon>left|bottom</BookMarkLablePositon><BookMarkLabelHorGap>20</BookMarkLabelHorGap><BookMarkLabelVerGap>20</BookMarkLabelVerGap><BookMarkLabelText><![CDATA[Smart Apps Creator]]></BookMarkLabelText></BookMark><BookWidth>1280</BookWidth><BookHeight>720</BookHeight><ADType>-1</ADType><ADPosition>top</ADPosition><ExeStyleType>IOS_STYLE</ExeStyleType><ProductID></ProductID><ReferenceName><![CDATA[]]></ReferenceName><PushID></PushID><ActivePush>false</ActivePush><FullScreen>false</FullScreen><Buttons><Button><X>0</X><Y>0</Y><Width>88</Width><Height>88</Height><Type>home_page_btn</Type><isVisible>false</isVisible><LayoutType>LEFT_TOP</LayoutType><Vergap>0</Vergap><Horgap>0</Horgap><UserDefNav>false</UserDefNav><Source></Source><SelectedSource></SelectedSource></Button><Button><X>1192</X><Y>0</Y><Width>88</Width><Height>88</Height><Type>open_navigate_btn</Type><isVisible>false</isVisible><LayoutType>RIGHT_TOP</LayoutType><Vergap>0</Vergap><Horgap>0</Horgap><UserDefNav>false</UserDefNav><Source></Source><SelectedSource></SelectedSource></Button><Button><X>0</X><Y>316</Y><Width>88</Width><Height>88</Height><Type>pre_page_btn</Type><isVisible>false</isVisible><LayoutType>LEFT_TOP</LayoutType><Vergap>316</Vergap><Horgap>0</Horgap><UserDefNav>false</UserDefNav><Source></Source><SelectedSource></SelectedSource></Button><Button><X>1192</X><Y>316</Y><Width>88</Width><Height>88</Height><Type>next_page_btn</Type><isVisible>false</isVisible><LayoutType>RIGHT_TOP</LayoutType><Vergap>316</Vergap><Horgap>0</Horgap><UserDefNav>false</UserDefNav><Source></Source><SelectedSource></SelectedSource></Button></Buttons></BookInfo><Snapshots><Snapshot> <SnapshotId>-1727423998086.png</SnapshotId><SnapshotWidth>1280</SnapshotWidth><SnapshotHeight>720</SnapshotHeight><PageId>-1727408535486</PageId><PageTitle><![CDATA[null]]></PageTitle></Snapshot> <Snapshot> <SnapshotId>-1727421127702.jpg</SnapshotId><SnapshotWidth>426.6666666666667</SnapshotWidth><SnapshotHeight>240</SnapshotHeight><PageId>-1727408535666</PageId><PageTitle><![CDATA[]]></PageTitle></Snapshot> <Snapshot> <SnapshotId>-1727421128305.jpg</SnapshotId><SnapshotWidth>426.6666666666667</SnapshotWidth><SnapshotHeight>240</SnapshotHeight><PageId>-1727408681073</PageId><PageTitle><![CDATA[]]></PageTitle></Snapshot> <Snapshot> <SnapshotId>-1727421128952.jpg</SnapshotId><SnapshotWidth>426.6666666666667</SnapshotWidth><SnapshotHeight>240</SnapshotHeight><PageId>-1727408786089</PageId><PageTitle><![CDATA[]]></PageTitle></Snapshot> <Snapshot> <SnapshotId>-1727421129823.jpg</SnapshotId><SnapshotWidth>426.6666666666667</SnapshotWidth><SnapshotHeight>240</SnapshotHeight><PageId>-1727408907951</PageId><PageTitle><![CDATA[]]></PageTitle></Snapshot> <Snapshot> <SnapshotId>-1727421130600.jpg</SnapshotId><SnapshotWidth>426.6666666666667</SnapshotWidth><SnapshotHeight>240</SnapshotHeight><PageId>-1727408979405</PageId><PageTitle><![CDATA[]]></PageTitle></Snapshot> <Snapshot> <SnapshotId>-1727421131148.jpg</SnapshotId><SnapshotWidth>426.6666666666667</SnapshotWidth><SnapshotHeight>240</SnapshotHeight><PageId>-1727408995213</PageId><PageTitle><![CDATA[]]></PageTitle></Snapshot> <Snapshot> <SnapshotId>-1727421131682.jpg</SnapshotId><SnapshotWidth>426.6666666666667</SnapshotWidth><SnapshotHeight>240</SnapshotHeight><PageId>-1727409154999</PageId><PageTitle><![CDATA[]]></PageTitle></Snapshot> <Snapshot> <SnapshotId>-1727421132217.jpg</SnapshotId><SnapshotWidth>426.6666666666667</SnapshotWidth><SnapshotHeight>240</SnapshotHeight><PageId>-1727409421908</PageId><PageTitle><![CDATA[]]></PageTitle></Snapshot> <Snapshot> <SnapshotId>-1727421132726.jpg</SnapshotId><SnapshotWidth>426.6666666666667</SnapshotWidth><SnapshotHeight>240</SnapshotHeight><PageId>-1727409428520</PageId><PageTitle><![CDATA[]]></PageTitle></Snapshot> <Snapshot> <SnapshotId>-1727421133251.jpg</SnapshotId><SnapshotWidth>426.6666666666667</SnapshotWidth><SnapshotHeight>240</SnapshotHeight><PageId>-1727409436713</PageId><PageTitle><![CDATA[]]></PageTitle></Snapshot> <Snapshot> <SnapshotId>-1727421133761.jpg</SnapshotId><SnapshotWidth>426.6666666666667</SnapshotWidth><SnapshotHeight>240</SnapshotHeight><PageId>-1727409442798</PageId><PageTitle><![CDATA[]]></PageTitle></Snapshot> <Snapshot> <SnapshotId>-1727421134385.jpg</SnapshotId><SnapshotWidth>426.6666666666667</SnapshotWidth><SnapshotHeight>240</SnapshotHeight><PageId>-1727409450578</PageId><PageTitle><![CDATA[]]></PageTitle></Snapshot> <Snapshot> <SnapshotId>-1727421135054.jpg</SnapshotId><SnapshotWidth>426.6666666666667</SnapshotWidth><SnapshotHeight>240</SnapshotHeight><PageId>-1727409458736</PageId><PageTitle><![CDATA[]]></PageTitle></Snapshot> <Snapshot> <SnapshotId>-1727421135564.jpg</SnapshotId><SnapshotWidth>426.6666666666667</SnapshotWidth><SnapshotHeight>240</SnapshotHeight><PageId>-1727409488410</PageId><PageTitle><![CDATA[]]></PageTitle></Snapshot> <Snapshot> <SnapshotId>-1727421136044.jpg</SnapshotId><SnapshotWidth>426.6666666666667</SnapshotWidth><SnapshotHeight>240</SnapshotHeight><PageId>-1727409508247</PageId><PageTitle><![CDATA[]]></PageTitle></Snapshot> <Snapshot> <SnapshotId>-1727421136704.jpg</SnapshotId><SnapshotWidth>426.6666666666667</SnapshotWidth><SnapshotHeight>240</SnapshotHeight><PageId>-1727409553907</PageId><PageTitle><![CDATA[]]></PageTitle></Snapshot> <Snapshot> <SnapshotId>-1727421137169.jpg</SnapshotId><SnapshotWidth>426.6666666666667</SnapshotWidth><SnapshotHeight>240</SnapshotHeight><PageId>-1727409567138</PageId><PageTitle><![CDATA[]]></PageTitle></Snapshot> <Snapshot> <SnapshotId>-1727421876544.jpg</SnapshotId><SnapshotWidth>426.6666666666667</SnapshotWidth><SnapshotHeight>240</SnapshotHeight><PageId>-1727416961549</PageId><PageTitle><![CDATA[]]></PageTitle></Snapshot> <Snapshot> <SnapshotId>-1727421138114.jpg</SnapshotId><SnapshotWidth>426.6666666666667</SnapshotWidth><SnapshotHeight>240</SnapshotHeight><PageId>-1727417612876</PageId><PageTitle><![CDATA[]]></PageTitle></Snapshot> <Snapshot> <SnapshotId>-1727421138758.jpg</SnapshotId><SnapshotWidth>426.6666666666667</SnapshotWidth><SnapshotHeight>240</SnapshotHeight><PageId>-1727417614646</PageId><PageTitle><![CDATA[]]></PageTitle></Snapshot> <Snapshot> <SnapshotId>-1727421139313.jpg</SnapshotId><SnapshotWidth>426.6666666666667</SnapshotWidth><SnapshotHeight>240</SnapshotHeight><PageId>-1727417616769</PageId><PageTitle><![CDATA[]]></PageTitle></Snapshot> <Snapshot> <SnapshotId>-1727421139793.jpg</SnapshotId><SnapshotWidth>426.6666666666667</SnapshotWidth><SnapshotHeight>240</SnapshotHeight><PageId>-1727417618144</PageId><PageTitle><![CDATA[]]></PageTitle></Snapshot> <Snapshot> <SnapshotId>-1727421140333.jpg</SnapshotId><SnapshotWidth>426.6666666666667</SnapshotWidth><SnapshotHeight>240</SnapshotHeight><PageId>-1727418946694</PageId><PageTitle><![CDATA[]]></PageTitle></Snapshot> <Snapshot> <SnapshotId>-1727423999000.jpg</SnapshotId><SnapshotWidth>426.6666666666667</SnapshotWidth><SnapshotHeight>240</SnapshotHeight><PageId>-1727423914726</PageId><PageTitle><![CDATA[]]></PageTitle></Snapshot> </Snapshots><Pages><Page><ID>-1727408535486</ID></Page><Page><ID>-1727408535666</ID></Page><Page><ID>-1727408681073</ID></Page><Page><ID>-1727408786089</ID></Page><Page><ID>-1727408907951</ID></Page><Page><ID>-1727408979405</ID></Page><Page><ID>-1727408995213</ID></Page><Page><ID>-1727409154999</ID></Page><Page><ID>-1727409421908</ID></Page><Page><ID>-1727409428520</ID></Page><Page><ID>-1727409436713</ID></Page><Page><ID>-1727409442798</ID></Page><Page><ID>-1727409450578</ID></Page><Page><ID>-1727409458736</ID></Page><Page><ID>-1727409488410</ID></Page><Page><ID>-1727409508247</ID></Page><Page><ID>-1727409553907</ID></Page><Page><ID>-1727409567138</ID></Page><Page><ID>-1727416961549</ID></Page><Page><ID>-1727417612876</ID></Page><Page><ID>-1727417614646</ID></Page><Page><ID>-1727417616769</ID></Page><Page><ID>-1727417618144</ID></Page><Page><ID>-1727418946694</ID></Page><Page><ID>-1727423914726</ID></Page></Pages><StartPageID>-1727408535486</StartPageID><Sections><Section><ID>-1727408535681</ID><Name>Selamat%20Datang</Name><isReverseSize>false</isReverseSize><isNeedPaid>false</isNeedPaid><Pages><Page>-1727423914726</Page><Page>-1727408535666</Page><Page>-1727408786089</Page></Pages></Section><Section><ID>-1727409155009</ID><Name>Menu</Name><isReverseSize>false</isReverseSize><isNeedPaid>false</isNeedPaid><Pages><Page>-1727409154999</Page></Pages></Section><Section><ID>-1727408907961</ID><Name>Judul%2C%20TP%20dan%20Amati%20Gambar</Name><isReverseSize>false</isReverseSize><isNeedPaid>false</isNeedPaid><Pages><Page>-1727408681073</Page><Page>-1727408907951</Page><Page>-1727408979405</Page></Pages></Section><Section><ID>-1727408995224</ID><Name>Materi%20Ajar</Name><isReverseSize>false</isReverseSize><isNeedPaid>false</isNeedPaid><Pages><Page>-1727408995213</Page><Page>-1727409421908</Page><Page>-1727409428520</Page><Page>-1727409436713</Page><Page>-1727409442798</Page><Page>-1727409450578</Page></Pages></Section><Section><ID>-1727409458830</ID><Name>Quiz</Name><isReverseSize>false</isReverseSize><isNeedPaid>false</isNeedPaid><Pages><Page>-1727409458736</Page><Page>-1727418946694</Page><Page>-1727409488410</Page><Page>-1727417612876</Page><Page>-1727417614646</Page><Page>-1727417616769</Page><Page>-1727417618144</Page><Page>-1727416961549</Page></Pages></Section><Section><ID>-1727409508257</ID><Name>Biografi</Name><isReverseSize>false</isReverseSize><isNeedPaid>false</isNeedPaid><Pages><Page>-1727409508247</Page></Pages></Section><Section><ID>-1727409553918</ID><Name>Default%20Section</Name><isReverseSize>false</isReverseSize><isNeedPaid>false</isNeedPaid><Pages><Page>-1727409553907</Page><Page>-1727409567138</Page></Pages></Section></Sections></Book>